fir_id,group_id,crime_type
AGR-SIK-0001-2024,NONE,job_scam
AGR-HAR-0001-2024,NONE,vehicle_theft
AGR-TAJ-0001-2024,NONE,house_burglary
VNS-SAR-0001-2024,NONE,vehicle_theft
GZB-VIJ-0001-2024,G08,cyber_fraud_kyc
KNP-SWA-0001-2024,G08,cyber_fraud_kyc
GZB-SAH-0001-2024,G07,fake_police_call
LKO-HAZ-0001-2024,G07,fake_police_call
LKO-GOM-0001-2024,NONE,chain_snatching
GZB-SAH-0002-2024,G07,fake_police_call
GZB-VIJ-0002-2024,NONE,chain_snatching
AGR-SIK-0002-2024,G02,atm_card_swap
AGR-TAJ-0002-2024,NONE,chain_snatching
LKO-HAZ-0002-2024,G07,fake_police_call
VNS-SAR-0002-2024,NONE,house_burglary
VNS-CAN-0001-2024,NONE,cyber_fraud_kyc
KNP-BAR-0001-2024,NONE,fake_police_call
KNP-KAK-0001-2024,G08,cyber_fraud_kyc
GZB-KAV-0001-2024,G02,atm_card_swap
GZB-KAV-0002-2024,G07,fake_police_call
GZB-KAV-0003-2024,NONE,vehicle_theft
AGR-HAR-0002-2024,NONE,atm_card_swap
GZB-IND-0001-2024,G08,cyber_fraud_kyc
AGR-TAJ-0003-2024,G02,atm_card_swap
LKO-CHO-0001-2024,NONE,house_burglary
KNP-KAL-0001-2024,NONE,house_burglary
LKO-CHO-0002-2024,NONE,cyber_fraud_kyc
GZB-SAH-0003-2024,G04,house_burglary
LKO-GOM-0002-2024,NONE,vehicle_theft
LKO-CHO-0003-2024,G04,house_burglary
LKO-GOM-0003-2024,NONE,chain_snatching
VNS-SAR-0003-2024,G02,atm_card_swap
VNS-BHE-0001-2024,G02,atm_card_swap
VNS-BHE-0002-2024,G02,atm_card_swap
GZB-SAH-0004-2024,NONE,fake_police_call
AGR-HAR-0003-2024,NONE,cyber_fraud_kyc
GZB-SAH-0005-2024,G04,house_burglary
AGR-TAJ-0004-2024,G02,atm_card_swap
AGR-HAR-0004-2024,NONE,house_burglary
LKO-HAZ-0003-2024,NONE,cyber_fraud_kyc
AGR-SIK-0003-2024,NONE,cyber_fraud_kyc
KNP-BAR-0002-2024,G08,cyber_fraud_kyc
GZB-KAV-0004-2024,NONE,atm_card_swap
AGR-HAR-0005-2024,NONE,chain_snatching
GZB-SAH-0006-2024,NONE,chain_snatching
LKO-ALI-0001-2024,G07,fake_police_call
KNP-KAK-0002-2024,NONE,fake_police_call
LKO-ALI-0002-2024,G06,job_scam
LKO-ALI-0003-2024,NONE,house_burglary
LKO-HAZ-0004-2024,NONE,atm_card_swap
VNS-BHE-0003-2024,NONE,job_scam
LKO-CHO-0004-2024,G07,fake_police_call
VNS-BHE-0004-2024,G02,atm_card_swap
GZB-SAH-0007-2024,NONE,job_scam
VNS-LAN-0001-2024,NONE,chain_snatching
LKO-CHO-0005-2024,G06,job_scam
GZB-KAV-0005-2024,NONE,fake_police_call
AGR-SIK-0004-2024,G03,chain_snatching
GZB-KAV-0006-2024,G07,fake_police_call
GZB-KAV-0007-2024,G04,house_burglary
GZB-IND-0002-2024,NONE,fake_police_call
KNP-BAR-0003-2024,G08,cyber_fraud_kyc
VNS-BHE-0005-2024,NONE,chain_snatching
VNS-LAN-0002-2024,NONE,job_scam
AGR-HAR-0006-2024,G02,atm_card_swap
AGR-TAJ-0005-2024,G04,house_burglary
LKO-CHO-0006-2024,G06,job_scam
KNP-SWA-0002-2024,NONE,atm_card_swap
GZB-SAH-0008-2024,NONE,job_scam
VNS-SAR-0004-2024,NONE,cyber_fraud_kyc
VNS-SAR-0005-2024,G03,chain_snatching
LKO-GOM-0004-2024,NONE,job_scam
VNS-BHE-0006-2024,G03,chain_snatching
AGR-SIK-0005-2024,NONE,fake_police_call
AGR-TAJ-0006-2024,NONE,vehicle_theft
KNP-KAK-0003-2024,G06,job_scam
AGR-SAD-0001-2024,G04,house_burglary
AGR-TAJ-0007-2024,NONE,cyber_fraud_kyc
LKO-HAZ-0005-2024,G06,job_scam
VNS-CAN-0002-2024,G03,chain_snatching
GZB-SAH-0009-2024,NONE,atm_card_swap
GZB-SAH-0010-2024,NONE,fake_police_call
LKO-GOM-0005-2024,NONE,vehicle_theft
AGR-TAJ-0008-2024,G03,chain_snatching
GZB-KAV-0008-2024,G09,atm_card_swap
VNS-SAR-0006-2024,G03,chain_snatching
GZB-KAV-0009-2024,G01,cyber_fraud_kyc
AGR-SIK-0006-2024,NONE,fake_police_call
LKO-ALI-0004-2024,NONE,job_scam
GZB-IND-0003-2024,G04,house_burglary
LKO-GOM-0006-2024,NONE,chain_snatching
VNS-CAN-0003-2024,G09,atm_card_swap
GZB-SAH-0011-2024,NONE,vehicle_theft
KNP-KAL-0002-2024,NONE,chain_snatching
GZB-VIJ-0003-2024,G09,atm_card_swap
KNP-KAK-0004-2024,G01,cyber_fraud_kyc
LKO-CHO-0007-2024,G03,chain_snatching
GZB-SAH-0012-2024,G01,cyber_fraud_kyc
VNS-SAR-0007-2024,G03,chain_snatching
AGR-SAD-0002-2024,NONE,atm_card_swap
LKO-GOM-0007-2024,G06,job_scam
LKO-CHO-0008-2024,G03,chain_snatching
VNS-CAN-0004-2024,NONE,fake_police_call
VNS-LAN-0003-2024,NONE,fake_police_call
LKO-GOM-0008-2024,G10,chain_snatching
GZB-SAH-0013-2024,NONE,house_burglary
LKO-CHO-0009-2024,NONE,atm_card_swap
KNP-KAK-0005-2024,NONE,atm_card_swap
KNP-KAL-0003-2024,NONE,cyber_fraud_kyc
GZB-VIJ-0004-2024,G01,cyber_fraud_kyc
AGR-SAD-0003-2024,NONE,atm_card_swap
VNS-CAN-0005-2024,NONE,fake_police_call
GZB-SAH-0014-2025,NONE,house_burglary
GZB-VIJ-0005-2025,G09,atm_card_swap
LKO-HAZ-0006-2025,G06,job_scam
GZB-SAH-0015-2025,NONE,cyber_fraud_kyc
LKO-CHO-0010-2025,NONE,fake_police_call
AGR-HAR-0007-2025,NONE,fake_police_call
LKO-HAZ-0007-2025,NONE,atm_card_swap
KNP-BAR-0004-2025,G01,cyber_fraud_kyc
LKO-HAZ-0008-2025,NONE,cyber_fraud_kyc
AGR-HAR-0008-2025,NONE,atm_card_swap
AGR-TAJ-0009-2025,NONE,fake_police_call
GZB-SAH-0016-2025,NONE,cyber_fraud_kyc
KNP-KAL-0004-2025,NONE,chain_snatching
VNS-BHE-0007-2025,G10,chain_snatching
VNS-BHE-0008-2025,G10,chain_snatching
LKO-HAZ-0009-2025,NONE,cyber_fraud_kyc
VNS-CAN-0006-2025,NONE,fake_police_call
GZB-IND-0004-2025,NONE,cyber_fraud_kyc
LKO-HAZ-0010-2025,G10,chain_snatching
GZB-KAV-0010-2025,G09,atm_card_swap
VNS-SAR-0008-2025,G10,chain_snatching
VNS-LAN-0004-2025,G09,atm_card_swap
KNP-KAK-0006-2025,G01,cyber_fraud_kyc
KNP-BAR-0005-2025,G05,vehicle_theft
AGR-TAJ-0010-2025,NONE,fake_police_call
GZB-VIJ-0006-2025,NONE,chain_snatching
GZB-KAV-0011-2025,G01,cyber_fraud_kyc
VNS-CAN-0007-2025,NONE,vehicle_theft
LKO-CHO-0011-2025,G10,chain_snatching
AGR-HAR-0009-2025,NONE,job_scam
VNS-BHE-0009-2025,NONE,cyber_fraud_kyc
VNS-CAN-0008-2025,NONE,job_scam
GZB-KAV-0012-2025,G05,vehicle_theft
VNS-SAR-0009-2025,G05,vehicle_theft
VNS-CAN-0009-2025,NONE,fake_police_call
KNP-KAL-0005-2025,NONE,fake_police_call
VNS-BHE-0010-2025,G10,chain_snatching
KNP-BAR-0006-2025,G05,vehicle_theft
VNS-SAR-0010-2025,NONE,chain_snatching
AGR-SAD-0004-2025,NONE,job_scam
LKO-ALI-0005-2025,NONE,house_burglary
GZB-KAV-0013-2025,G05,vehicle_theft
AGR-HAR-0010-2025,NONE,chain_snatching
GZB-SAH-0017-2025,NONE,cyber_fraud_kyc
LKO-CHO-0012-2025,NONE,chain_snatching
LKO-CHO-0013-2025,NONE,chain_snatching
LKO-HAZ-0011-2025,NONE,job_scam
VNS-BHE-0011-2025,NONE,atm_card_swap
GZB-KAV-0014-2025,NONE,fake_police_call
GZB-IND-0005-2025,NONE,atm_card_swap
VNS-BHE-0012-2025,NONE,fake_police_call
KNP-SWA-0003-2025,NONE,cyber_fraud_kyc
KNP-KAK-0007-2025,NONE,vehicle_theft
AGR-SIK-0007-2025,NONE,atm_card_swap
AGR-TAJ-0011-2025,NONE,vehicle_theft
KNP-BAR-0007-2025,NONE,job_scam
GZB-VIJ-0007-2025,G05,vehicle_theft
VNS-BHE-0013-2025,NONE,fake_police_call
KNP-KAL-0006-2025,NONE,job_scam
VNS-SAR-0011-2025,NONE,job_scam
GZB-IND-0006-2025,G05,vehicle_theft
VNS-CAN-0010-2025,NONE,vehicle_theft
GZB-IND-0007-2025,NONE,house_burglary
KNP-SWA-0004-2025,NONE,atm_card_swap
AGR-HAR-0011-2025,NONE,vehicle_theft
LKO-ALI-0006-2025,NONE,atm_card_swap
KNP-SWA-0005-2025,NONE,house_burglary
LKO-HAZ-0012-2025,NONE,house_burglary
AGR-TAJ-0012-2025,NONE,chain_snatching
AGR-SAD-0005-2025,NONE,fake_police_call
VNS-LAN-0005-2025,NONE,house_burglary
KNP-BAR-0008-2025,G05,vehicle_theft
VNS-SAR-0012-2025,NONE,fake_police_call
KNP-BAR-0009-2025,NONE,atm_card_swap
GZB-IND-0008-2025,NONE,cyber_fraud_kyc
GZB-KAV-0015-2025,NONE,fake_police_call
KNP-KAL-0007-2025,NONE,job_scam
KNP-KAL-0008-2025,NONE,house_burglary
VNS-CAN-0011-2025,NONE,vehicle_theft
AGR-TAJ-0013-2025,NONE,vehicle_theft
AGR-SIK-0008-2025,NONE,atm_card_swap
AGR-TAJ-0014-2025,NONE,cyber_fraud_kyc
GZB-SAH-0018-2025,NONE,atm_card_swap
LKO-HAZ-0013-2025,NONE,house_burglary
AGR-HAR-0012-2025,NONE,cyber_fraud_kyc
GZB-KAV-0016-2025,NONE,vehicle_theft
AGR-HAR-0013-2025,NONE,vehicle_theft
VNS-LAN-0006-2025,NONE,job_scam
